ano,cpi_u_media_anual,fator_deflator_base2022,cpi_toys_media_anual
1970,38.800,7.542655,
1971,40.500,7.226049,
1972,41.800,7.001316,
1973,44.400,6.591329,
1974,49.300,5.936207,
1975,53.800,5.439684,
1976,56.900,5.143322,
1977,60.600,4.829290,
1978,65.200,4.488574,75.500
1979,72.600,4.031061,79.800
1980,82.400,3.551638,86.600
1981,90.900,3.219527,93.200
1982,96.500,3.032694,98.500
1983,99.600,2.938303,100.200
1984,103.900,2.816699,101.200
1985,107.600,2.719842,101.500
1986,109.600,2.670210,102.500
1987,113.600,2.576188,104.800
1988,118.300,2.473838,110.600
1989,124.000,2.360121,115.300
1990,130.700,2.239135,117.500
1991,136.200,2.148715,118.300
1992,140.300,2.085923,120.200
1993,144.500,2.025294,121.900
1994,148.200,1.974730,123.700
1995,152.400,1.920308,123.200
1996,156.900,1.865233,126.400
1997,160.500,1.823396,126.200
1998,163.000,1.795429,119.900
1999,166.600,1.756633,112.800
2000,172.200,1.699506,105.500
2001,177.100,1.652484,100.300
2002,179.900,1.626765,93.900
2003,184.000,1.590516,87.500
2004,188.900,1.549259,83.300
2005,195.300,1.498490,77.600
2006,201.600,1.451662,74.100
2007,207.342,1.411460,70.584
2008,215.303,1.359270,66.866
2009,214.537,1.364124,63.255
2010,218.056,1.342109,59.153
2011,224.939,1.301042,56.566
2012,229.594,1.274663,53.706
2013,232.957,1.256262,50.822
2014,236.736,1.236208,47.636
2015,237.017,1.234743,44.657
2016,240.007,1.219360,40.965
2017,245.120,1.193925,37.303
2018,251.107,1.165459,33.724
2019,255.657,1.144717,31.105
2020,258.811,1.130767,29.106
2021,270.970,1.080027,29.114
2022,292.655,1.000000,29.681
