sk_ano,ano,decada,rotulo_decada,flag_preco_confiavel,cpi_u_media_anual,fator_deflator_base2022,cpi_toys_media_anual,flag_cpi_toys_disponivel
1970,1970,1970,1970s,0,38.8,7.542655,,0
1971,1971,1970,1970s,0,40.5,7.226049,,0
1972,1972,1970,1970s,0,41.8,7.001316,,0
1973,1973,1970,1970s,0,44.4,6.591329,,0
1974,1974,1970,1970s,0,49.3,5.936207,,0
1975,1975,1970,1970s,0,53.8,5.439684,,0
1976,1976,1970,1970s,0,56.9,5.143322,,0
1977,1977,1970,1970s,0,60.6,4.82929,,0
1978,1978,1970,1970s,0,65.2,4.488574,75.5,1
1979,1979,1970,1970s,0,72.6,4.031061,79.8,1
1980,1980,1980,1980s,0,82.4,3.551638,86.6,1
1981,1981,1980,1980s,0,90.9,3.219527,93.2,1
1982,1982,1980,1980s,0,96.5,3.032694,98.5,1
1983,1983,1980,1980s,0,99.6,2.938303,100.2,1
1984,1984,1980,1980s,0,103.9,2.816699,101.2,1
1985,1985,1980,1980s,0,107.6,2.719842,101.5,1
1986,1986,1980,1980s,0,109.6,2.67021,102.5,1
1987,1987,1980,1980s,0,113.6,2.576188,104.8,1
1988,1988,1980,1980s,0,118.3,2.473838,110.6,1
1989,1989,1980,1980s,0,124.0,2.360121,115.3,1
1990,1990,1990,1990s,0,130.7,2.239135,117.5,1
1991,1991,1990,1990s,0,136.2,2.148715,118.3,1
1992,1992,1990,1990s,0,140.3,2.085923,120.2,1
1993,1993,1990,1990s,0,144.5,2.025294,121.9,1
1994,1994,1990,1990s,0,148.2,1.97473,123.7,1
1995,1995,1990,1990s,0,152.4,1.920308,123.2,1
1996,1996,1990,1990s,0,156.9,1.865233,126.4,1
1997,1997,1990,1990s,0,160.5,1.823396,126.2,1
1998,1998,1990,1990s,0,163.0,1.795429,119.9,1
1999,1999,1990,1990s,0,166.6,1.756633,112.8,1
2000,2000,2000,2000s,0,172.2,1.699506,105.5,1
2001,2001,2000,2000s,0,177.1,1.652484,100.3,1
2002,2002,2000,2000s,0,179.9,1.626765,93.9,1
2003,2003,2000,2000s,0,184.0,1.590516,87.5,1
2004,2004,2000,2000s,0,188.9,1.549259,83.3,1
2005,2005,2000,2000s,0,195.3,1.49849,77.6,1
2006,2006,2000,2000s,0,201.6,1.451662,74.1,1
2007,2007,2000,2000s,1,207.342,1.41146,70.584,1
2008,2008,2000,2000s,1,215.303,1.35927,66.866,1
2009,2009,2000,2000s,1,214.537,1.364124,63.255,1
2010,2010,2010,2010s,1,218.056,1.342109,59.153,1
2011,2011,2010,2010s,1,224.939,1.301042,56.566,1
2012,2012,2010,2010s,1,229.594,1.274663,53.706,1
2013,2013,2010,2010s,1,232.957,1.256262,50.822,1
2014,2014,2010,2010s,1,236.736,1.236208,47.636,1
2015,2015,2010,2010s,1,237.017,1.234743,44.657,1
2016,2016,2010,2010s,1,240.007,1.21936,40.965,1
2017,2017,2010,2010s,1,245.12,1.193925,37.303,1
2018,2018,2010,2010s,1,251.107,1.165459,33.724,1
2019,2019,2010,2010s,1,255.657,1.144717,31.105,1
2020,2020,2020,2020s,1,258.811,1.130767,29.106,1
2021,2021,2020,2020s,1,270.97,1.080027,29.114,1
2022,2022,2020,2020s,1,292.655,1.0,29.681,1
