sk_tema,tema,grupo_tema,flag_licenciado
1,"4 Juniors",Junior,0
2,"Action Wheelers",Pre-school,0
3,"Advanced models","Model making",0
4,Adventurers,Historical,0
5,Agents,Action/Adventure,0
6,"Alpha Team",Action/Adventure,0
7,"Aqua Raiders",Action/Adventure,0
8,Aquazone,Action/Adventure,0
9,Architecture,"Model making",0
10,Art,"Art and crafts",0
11,Assorted,Miscellaneous,0
12,Atlantis,Action/Adventure,0
13,Avatar,Licensed,1
14,"Avatar The Last Airbender",Licensed,1
15,Baby,Pre-school,0
16,Basic,Basic,0
17,Batman,Licensed,1
18,Belville,Girls,0
19,"Ben 10: Alien Force",Constraction,0
20,Bionicle,Constraction,0
21,Boats,"Modern day",0
22,Books,Miscellaneous,0
23,Boost,Miscellaneous,0
24,"Brick Sketches",Licensed,1
25,BrickHeadz,Licensed,1
26,Bricklink,"Model making",0
27,"Bricks and More",Basic,0
28,"Building Set with People",Vintage,0
29,"Bulk Bricks",Basic,0
30,Cars,Licensed,1
31,Castle,Historical,0
32,City,"Modern day",0
33,Classic,Basic,0
34,Clikits,Girls,0
35,"Collectable Minifigures",Miscellaneous,0
36,"Collectable minifigures",Miscellaneous,0
37,Creator,"Model making",0
38,"Creator Expert","Model making",0
39,"DC Comics Super Heroes",Licensed,1
40,"DC Super Hero Girls",Licensed,1
41,Dacta,Educational,0
42,Dimensions,Miscellaneous,0
43,Dino,Action/Adventure,0
44,"Dino 2010",Action/Adventure,0
45,"Dino Attack",Action/Adventure,0
46,Dinosaurs,Action/Adventure,0
47,Discovery,"Modern day",0
48,Disney,Licensed,1
49,Dots,"Art and crafts",0
50,Duplo,Pre-school,0
51,Education,Educational,0
52,Elves,Action/Adventure,0
53,Exo-Force,Action/Adventure,0
54,Explore,Pre-school,0
55,FORMA,Miscellaneous,0
56,Fabuland,Junior,0
57,Factory,Miscellaneous,0
58,Freestyle,Basic,0
59,Friends,"Modern day",0
60,Fusion,Miscellaneous,0
61,Galidor,Licensed,1
62,Games,Miscellaneous,0
63,Gear,Miscellaneous,0
64,Ghostbusters,Licensed,1
65,"HERO Factory",Constraction,0
66,"Harry Potter",Licensed,1
67,"Hidden Side",Action/Adventure,0
68,"Hobby Set",Vintage,0
69,Homemaker,Vintage,0
70,Icons,"Model making",0
71,Ideas,Miscellaneous,0
72,"Indiana Jones",Licensed,1
73,"Island Xtreme Stunts",Racing,0
74,"Jack Stone",Junior,0
75,Juniors,Junior,0
76,"Jurassic World",Licensed,1
77,"LEGO Universe","Não informado",0
78,LEGOLAND,Vintage,0
79,"Legends of Chima",Action/Adventure,0
80,"Life of George",Miscellaneous,0
81,"Make and Create",Basic,0
82,"Marvel Super Heroes",Licensed,1
83,"Master Builder Academy",Miscellaneous,0
84,"Mickey Mouse",Junior,0
85,Mindstorms,Technical,0
86,Minecraft,Licensed,1
87,"Minions: The Rise of Gru",Licensed,1
88,Minitalia,Vintage,0
89,Miscellaneous,Miscellaneous,0
90,Mixels,Miscellaneous,0
91,"Model Team","Model making",0
92,"Monkie Kid",Action/Adventure,0
93,"Monster Fighters",Action/Adventure,0
94,"Nexo Knights",Action/Adventure,0
95,Ninjago,Action/Adventure,0
96,Overwatch,Licensed,1
97,"Pharaoh's Quest",Historical,0
98,Pirates,Historical,0
99,"Pirates of the Caribbean",Licensed,1
100,"Power Functions",Technical,0
101,"Power Miners",Action/Adventure,0
102,"Powered Up",Technical,0
103,PreSchool,Pre-school,0
104,Primo,Pre-school,0
105,"Prince of Persia",Licensed,1
106,Promotional,Miscellaneous,0
107,"Promotional ",Miscellaneous,0
108,Quatro,Pre-school,0
109,Racers,Racing,0
110,"Rock Raiders",Action/Adventure,0
111,Samsonite,Vintage,0
112,Scala,Girls,0
113,Scooby-Doo,Licensed,1
114,Seasonal,Miscellaneous,0
115,"Serious Play",Educational,0
116,"Service Packs",Miscellaneous,0
117,Space,Action/Adventure,0
118,"Speed Champions",Licensed,1
119,Spider-Man,Licensed,1
120,"SpongeBob SquarePants",Licensed,1
121,Sports,"Modern day",0
122,Spybotics,Technical,0
123,"Star Wars",Licensed,1
124,"Stranger Things",Licensed,1
125,Studios,"Modern day",0
126,"Super Mario",Licensed,1
127,System,Basic,0
128,Technic,Technical,0
129,"Teenage Mutant Ninja Turtles",Licensed,1
130,"The Angry Birds Movie",Licensed,1
131,"The Hobbit",Licensed,1
132,"The LEGO Batman Movie",Licensed,1
133,"The LEGO Movie",Licensed,1
134,"The LEGO Movie 2",Licensed,1
135,"The LEGO Ninjago Movie",Licensed,1
136,"The Lone Ranger",Licensed,1
137,"The Lord of the Rings",Licensed,1
138,"The Powerpuff Girls",Licensed,1
139,"The Simpsons",Licensed,1
140,"Time Cruisers",Action/Adventure,0
141,Town,"Modern day",0
142,"Toy Story",Licensed,1
143,Trains,"Modern day",0
144,"Trolls World Tour",Licensed,1
145,"Ultra Agents",Action/Adventure,0
146,Unikitty,Licensed,1
147,"Universal Building Set",Basic,0
148,Vidiyo,Licensed,1
149,Vikings,Historical,0
150,Western,Historical,0
151,"World City","Modern day",0
152,"World Racers",Racing,0
153,Xtra,Miscellaneous,0
154,Znap,Technical,0
